{
    "avg_prec": 0.9410463361455914,
    "roc_auc": 0.9593996485159303
}